cluster_id,zone_name,centroid_lat,centroid_lng,violation_count,total_cis,avg_cis,peak_hour,top_vehicle,top_violation,tier,risk_score
186,"Cluster 186 (12.9336, 77.6910)",12.933571,77.691018,6068,21274.64,3.506,4,SCOOTER,NO PARKING,Tier 1,100.0
117,"Cluster 117 (13.0083, 77.6953)",13.008284,77.695258,3488,14228.0,4.0791,0,SCOOTER,WRONG PARKING,Tier 1,64.1
87,"Cluster 87 (12.9963, 77.6686)",12.996317,77.668643,2035,14133.36,6.9451,10,PASSENGER AUTO,PARKING IN A MAIN ROAD,Tier 1,56.6
469,BTP057 - Anand Rao Junction,12.979596,77.574921,2535,13017.97,5.1353,9,CAR,WRONG PARKING,Tier 1,55.4
436,BTP211 - Central Street Junction,12.984077,77.603522,2502,12038.66,4.8116,10,PASSENGER AUTO,WRONG PARKING,Tier 1,52.0
545,BTP058 - Subbanna Junction,12.979021,77.57859,2008,11747.53,5.8504,1,CAR,NO PARKING,Tier 1,48.6
528,BTP051 - Safina Plaza Junction,12.981051,77.610192,2180,10824.59,4.9654,10,PASSENGER AUTO,WRONG PARKING,Tier 1,46.4
491,BTP045 - Danvanthri Road Junction,12.978071,77.573813,1963,10819.0,5.5115,9,CAR,WRONG PARKING,Tier 1,45.3
410,"BTP070 - Cholurpalya Junction, Magadi Road",12.973584,77.551131,2436,10385.07,4.2632,11,SCOOTER,NO PARKING,Tier 1,46.2
130,"Cluster 130 (12.9397, 77.6956)",12.939726,77.695558,1397,10089.45,7.2222,8,CAR,PARKING IN A MAIN ROAD,Tier 1,40.1
558,BTP040 - Elite Junction,12.977264,77.576478,2331,9996.1,4.2883,9,SCOOTER,NO PARKING,Tier 1,44.4
501,BTP051 - Safina Plaza Junction,12.981493,77.608544,1914,9393.57,4.9078,10,CAR,WRONG PARKING,Tier 1,40.4
568,BTP040 - Elite Junction,12.97623,77.577367,2029,9248.54,4.5582,9,SCOOTER,WRONG PARKING,Tier 1,40.5
406,"BTP011 - RR Kalyana Mantapa, Dr. Rajkumar Road",12.993145,77.553479,1405,8368.63,5.9563,3,CAR,WRONG PARKING,Tier 1,34.5
248,"Cluster 248 (13.0353, 77.5890)",13.035335,77.58904,2332,7788.52,3.3398,3,SCOOTER,NO PARKING,Tier 1,37.2
263,"Cluster 263 (13.0713, 77.5881)",13.071329,77.588121,2826,7746.85,2.7413,11,SCOOTER,WRONG PARKING,Tier 1,39.5
66,"Cluster 66 (13.1843, 77.6798)",13.184252,77.679756,1223,7614.14,6.2258,1,CAR,NO PARKING,Tier 1,31.1
219,BTP135 - UCO Bank Junction,12.935431,77.615173,1516,7595.31,5.0101,11,SCOOTER,NO PARKING,Tier 1,32.5
122,"Cluster 122 (13.0004, 77.6773)",13.000427,77.677261,1213,6911.48,5.6978,1,PASSENGER AUTO,NO PARKING,Tier 1,28.7
95,"Cluster 95 (12.9956, 77.6958)",12.995577,77.695804,1507,6886.61,4.5697,11,PASSENGER AUTO,NO PARKING,Tier 1,30.1
518,"BTP080 - NR Road, SP Road Junction",12.964649,77.584026,1597,6817.02,4.2686,10,SCOOTER,NO PARKING,Tier 1,30.3
489,BTP051 - Safina Plaza Junction,12.979724,77.607191,1389,6469.25,4.6575,10,SCOOTER,NO PARKING,Tier 1,28.2
529,"BTP083 - AS Char Street, Mysore Road",12.967966,77.574652,1123,6419.36,5.7163,11,PASSENGER AUTO,NO PARKING,Tier 1,26.7
398,"BTP016 - 5th Main Road, RPC Layout",12.964874,77.53886,1560,6207.2,3.979,11,SCOOTER,WRONG PARKING,Tier 1,28.1
2,"Cluster 2 (13.1909, 77.6459)",13.190869,77.64594,988,5935.31,6.0074,1,CAR,NO PARKING,Tier 1,24.4
126,"Cluster 126 (12.9274, 77.6798)",12.927418,77.679808,1257,5917.89,4.7079,2,MAXI-CAB,WRONG PARKING,Tier 1,25.7
346,BTP048 - Shanthala Junction,12.977287,77.570752,1050,5866.14,5.5868,7,PASSENGER AUTO,NO PARKING,Tier 1,24.5
531,"BTP083 - AS Char Street, Mysore Road",12.965478,77.573805,778,5828.2,7.4913,7,LGV,WRONG PARKING,Tier 1,23.0
474,BTP020 - Hosahalli Metro Station,12.974491,77.545276,1483,5797.92,3.9096,4,SCOOTER,WRONG PARKING,Tier 1,26.4
576,BTP082 - KR Market Junction,12.964636,77.576308,1503,5764.98,3.8356,9,SCOOTER,WRONG PARKING,Tier 1,26.4
136,"Cluster 136 (12.9304, 77.6854)",12.930419,77.685416,1111,5476.88,4.9297,8,CAR,NO PARKING,Tier 1,23.5
333,BTP042 - Minsk Square Junction (CTO),12.981126,77.598468,1386,5351.92,3.8614,4,SCOOTER,WRONG PARKING,Tier 1,24.5
381,"Cluster 381 (12.9734, 77.6152)",12.97343,77.61524,1145,5329.27,4.6544,4,PASSENGER AUTO,NO PARKING,Tier 1,23.2
543,BTP043 - Upparpet Junction,12.969866,77.575691,1358,5209.58,3.8362,9,SCOOTER,WRONG PARKING,Tier 1,23.9
202,"Cluster 202 (12.9065, 77.6306)",12.906487,77.630598,1363,5182.0,3.8019,13,SCOOTER,WRONG PARKING,Tier 1,23.8
550,BTP044 - Sagar Theatre Junction,12.973469,77.579279,1206,5153.99,4.2736,9,SCOOTER,NO PARKING,Tier 1,22.9
261,"BTP095 - Satellite Bus Stand, Mysore Road",12.953656,77.54298,1023,5103.5,4.9888,10,SCOOTER,WRONG PARKING,Tier 1,21.8
279,BTP032 - Windsor Circle,12.991486,77.588544,1409,5057.78,3.5896,3,SCOOTER,WRONG PARKING,Tier 1,23.6
458,"BTP001 - 10th Cross, Dr. Rajkumar Road",13.008371,77.554509,937,5032.41,5.3708,2,CAR,WRONG PARKING,Tier 1,21.2
250,"Cluster 250 (12.9706, 77.6466)",12.970568,77.646582,945,4927.57,5.2144,7,CAR,NO PARKING,Tier 1,20.9
463,BTP104 - Medical College Circle,12.959269,77.576424,895,4879.06,5.4515,13,LGV,WRONG PARKING,Tier 1,20.5
79,"Cluster 79 (13.0057, 77.6859)",13.005737,77.685873,1334,4844.67,3.6317,10,CAR,WRONG PARKING,Tier 1,22.5
485,BTP023 - Mahalaxmi Layout Entrance,13.011921,77.552289,1218,4734.48,3.8871,10,CAR,WRONG PARKING,Tier 1,21.6
434,"Cluster 434 (13.0076, 77.5712)",13.007607,77.571152,1360,4718.15,3.4692,9,CAR,WRONG PARKING,Tier 1,22.2
181,"Cluster 181 (12.9718, 77.6581)",12.971761,77.658076,1243,4606.77,3.7062,7,SCOOTER,NO PARKING,Tier 1,21.3
145,"Cluster 145 (12.9501, 77.6997)",12.950063,77.699739,619,4433.7,7.1627,3,CAR,PARKING IN A MAIN ROAD,Tier 1,17.6
461,BTP051 - Safina Plaza Junction,12.982086,77.606447,1062,4350.02,4.0961,10,SCOOTER,WRONG PARKING,Tier 1,19.6
128,"Cluster 128 (12.9576, 77.7010)",12.957555,77.701043,1000,4256.52,4.2565,10,SCOOTER,NO PARKING,Tier 1,18.9
490,BTP051 - Safina Plaza Junction,12.980949,77.607675,930,4245.29,4.5648,11,SCOOTER,NO PARKING,Tier 1,18.6
64,"Cluster 64 (13.0348, 77.6242)",13.034789,77.624163,781,4236.08,5.4239,3,CAR,NO PARKING,Tier 1,17.8
506,"Cluster 506 (13.0115, 77.5545)",13.011492,77.554526,1253,4224.15,3.3712,9,PASSENGER AUTO,WRONG PARKING,Tier 1,20.1
154,"Cluster 154 (12.9326, 77.6884)",12.932572,77.688352,815,4050.96,4.9705,7,PASSENGER AUTO,NO PARKING,Tier 1,17.4
26,"Cluster 26 (12.9802, 77.6938)",12.980237,77.693783,678,4048.29,5.9709,3,MAXI-CAB,NO PARKING,Tier 1,16.7
570,BTP040 - Elite Junction,12.977233,77.575652,825,3980.52,4.8249,3,PASSENGER AUTO,WRONG PARKING,Tier 1,17.2
193,BTP137 - Madiwala Traffic PS Junction,12.925294,77.618928,668,3966.72,5.9382,1,CAR,NO PARKING,Tier 1,16.4
148,"Cluster 148 (13.0476, 77.5755)",13.047642,77.575548,1172,3821.83,3.2609,2,MOTOR CYCLE,WRONG PARKING,Tier 1,18.4
229,"Cluster 229 (12.8921, 77.6379)",12.892141,77.63791,937,3773.06,4.0267,2,CAR,WRONG PARKING,Tier 1,17.0
537,BTP044 - Sagar Theatre Junction,12.977768,77.579467,665,3747.76,5.6357,1,CAR,NO PARKING,Tier 1,15.6
569,BTP045 - Danvanthri Road Junction,12.977827,77.57545,841,3729.85,4.435,11,SCOOTER,WRONG PARKING,Tier 1,16.4
266,BTP208 - Havanur Circle,12.988073,77.537579,802,3728.48,4.649,10,CAR,WRONG PARKING,Tier 1,16.2
585,BTP082 - KR Market Junction,12.964082,77.576811,896,3699.08,4.1284,0,SCOOTER,WRONG PARKING,Tier 1,16.6
430,"Cluster 430 (12.9997, 77.5713)",12.999688,77.57134,1020,3688.64,3.6163,10,CAR,WRONG PARKING,Tier 1,17.2
554,BTP044 - Sagar Theatre Junction,12.9729,77.579007,859,3680.22,4.2843,4,SCOOTER,NO PARKING,Tier 1,16.4
438,BTP027 - Modi Bridge Junction,12.997558,77.549648,817,3635.07,4.4493,8,SCOOTER,WRONG PARKING,Tier 1,16.0
155,"Cluster 155 (13.0628, 77.5892)",13.062818,77.589212,912,3610.28,3.9586,13,CAR,WRONG PARKING,Tier 1,16.4
62,"Cluster 62 (13.0178, 77.5315)",13.017759,77.531505,665,3550.59,5.3392,11,CAR,WRONG PARKING,Tier 1,15.0
564,BTP040 - Elite Junction,12.975404,77.576323,843,3526.78,4.1836,12,SCOOTER,WRONG PARKING,Tier 1,15.8
442,BTP008 - Navarang Theatre,12.99844,77.553034,875,3443.93,3.9359,8,SCOOTER,WRONG PARKING,Tier 1,15.7
552,BTP044 - Sagar Theatre Junction,12.976752,77.579871,617,3442.07,5.5787,8,CAR,WRONG PARKING,Tier 1,14.4
10,"Cluster 10 (13.0979, 77.5995)",13.097935,77.599532,923,3398.82,3.6824,2,SCOOTER,WRONG PARKING,Tier 1,15.7
142,"Cluster 142 (12.9363, 77.6924)",12.936276,77.692369,652,3395.99,5.2086,4,MAXI-CAB,NO PARKING,Tier 1,14.4
115,BTP017 - Attiguppe Circle,12.960773,77.528519,1058,3385.68,3.2001,12,SCOOTER,WRONG PARKING,Tier 1,16.4
414,BTP063 - Siddalingaiah Circle,12.971422,77.597779,618,3354.23,5.4276,11,CAR,NO PARKING,Tier 1,14.1
65,"Cluster 65 (13.1838, 77.6795)",13.183801,77.679541,517,3328.7,6.4385,13,CAR,NO PARKING,Tier 1,13.5
495,BTP045 - Danvanthri Road Junction,12.97515,77.57473,589,3328.5,5.6511,8,CAR,WRONG PARKING,Tier 1,13.9
524,BTP082 - KR Market Junction,12.966858,77.578105,801,3316.53,4.1405,10,SCOOTER,WRONG PARKING,Tier 1,14.9
106,"Cluster 106 (12.9714, 77.7120)",12.971441,77.711972,665,3276.61,4.9272,3,CAR,WRONG PARKING,Tier 1,14.1
498,BTP038 - Mysore Bank Junction,12.975672,77.581558,553,3255.66,5.8873,4,CAR,WRONG PARKING,Tier 1,13.4
399,"Cluster 399 (12.9949, 77.5715)",12.994929,77.571468,906,3255.52,3.5933,6,CAR,NO PARKING,Tier 1,15.2
364,BTP211 - Central Street Junction,12.980573,77.603059,689,3235.74,4.6963,10,SCOOTER,WRONG PARKING,Tier 1,14.1
212,"Cluster 212 (12.9793, 77.6406)",12.979309,77.640615,756,3222.05,4.262,9,SCOOTER,NO PARKING,Tier 1,14.3
513,BTP051 - Safina Plaza Junction,12.981382,77.61023,621,3156.33,5.0827,9,PASSENGER AUTO,WRONG PARKING,Tier 1,13.5
365,BTP192 - Urvashi Theater,12.954792,77.585011,549,3134.04,5.7086,3,CAR,NO PARKING,Tier 1,13.0
307,BTP108 - Tagore Park Junction,12.943116,77.571093,799,3128.58,3.9156,11,SCOOTER,WRONG PARKING,Tier 1,14.2
561,BTP044 - Sagar Theatre Junction,12.976074,77.578312,712,3125.43,4.3896,9,SCOOTER,NO PARKING,Tier 1,13.8
483,"BTP182 - 19th Main Junction, Rajajinagar",13.000414,77.550329,681,3099.53,4.5514,8,CAR,WRONG PARKING,Tier 1,13.6
59,"Cluster 59 (13.0077, 77.5268)",13.007742,77.526828,437,3051.0,6.9817,11,CAR,NO PARKING,Tier 1,12.2
256,"Cluster 256 (13.0704, 77.5876)",13.070413,77.587621,1024,3022.75,2.9519,11,SCOOTER,WRONG PARKING,Tier 1,15.0
151,"Cluster 151 (12.9649, 77.7182)",12.964851,77.718245,717,2995.95,4.1785,10,MAXI-CAB,WRONG PARKING,Tier 2,13.4
355,BTP211 - Central Street Junction,12.984819,77.605144,680,2970.11,4.3678,3,SCOOTER,WRONG PARKING,Tier 2,13.1
125,"Cluster 125 (12.9437, 77.6976)",12.943651,77.697615,516,2965.47,5.747,6,CAR,PARKING IN A MAIN ROAD,Tier 2,12.3
582,BTP082 - KR Market Junction,12.964414,77.577081,689,2943.25,4.2718,9,PASSENGER AUTO,WRONG PARKING,Tier 2,13.1
404,BTP054 - Shivananda Circle,12.983667,77.577517,484,2915.43,6.0236,8,CAR,NO PARKING,Tier 2,12.0
190,"BTP115 - Sahasra Hospital, Jayanagar",12.916965,77.573569,537,2899.82,5.4,3,SCOOTER,NO PARKING,Tier 2,12.2
380,"Cluster 380 (13.0055, 77.5690)",13.005524,77.568995,839,2881.74,3.4347,8,CAR,NO PARKING,Tier 2,13.6
396,BTP074 - Leprosy Hospital Junction,12.975707,77.560902,665,2839.28,4.2696,11,SCOOTER,WRONG PARKING,Tier 2,12.6
201,"Cluster 201 (12.9323, 77.6318)",12.932262,77.631792,733,2823.49,3.852,3,CAR,NO PARKING,Tier 2,12.9
260,BTP096 - Gali Anjaneya Temple,12.952304,77.540964,536,2794.82,5.2142,1,SCOOTER,NO PARKING,Tier 2,11.8
277,BTP172 - Nanjappa Circle,12.961822,77.59903,645,2771.3,4.2966,4,SCOOTER,NO PARKING,Tier 2,12.3
390,"BTP170 - Dr. Bheem Rao Palace, Chord Road",12.989562,77.550467,406,2700.95,6.6526,10,CAR,WRONG PARKING,Tier 2,10.9
92,"Cluster 92 (12.8999, 77.6756)",12.89994,77.675556,768,2679.33,3.4887,11,CAR,NO PARKING,Tier 2,12.6
171,"BTP163 - 16th Main Road, BTM Layout",12.913724,77.606596,628,2674.77,4.2592,5,SCOOTER,NO PARKING,Tier 2,11.9
424,BTP061 - Bhashyam Circle,12.985116,77.553295,602,2651.21,4.404,9,SCOOTER,NO PARKING,Tier 2,11.7
437,BTP211 - Central Street Junction,12.984336,77.602739,539,2609.75,4.8418,8,PASSENGER AUTO,WRONG PARKING,Tier 2,11.3
179,"BTP197 - 9th Cross, 24th Main, JP Nagar",12.914342,77.585451,485,2581.61,5.3229,11,CAR,WRONG PARKING,Tier 2,10.9
144,"Cluster 144 (12.9518, 77.7000)",12.951806,77.699986,315,2567.14,8.1497,2,PRIVATE BUS,PARKING IN A MAIN ROAD,Tier 2,10.0
521,"BTP080 - NR Road, SP Road Junction",12.963333,77.581022,477,2551.18,5.3484,9,SCOOTER,WRONG PARKING,Tier 2,10.8
230,"Cluster 230 (12.8856, 77.6416)",12.885606,77.641599,535,2532.85,4.7343,2,CAR,WRONG PARKING,Tier 2,11.0
534,BTP058 - Subbanna Junction,12.978963,77.580761,504,2512.56,4.9852,2,SCOOTER,NO PARKING,Tier 2,10.8
440,BTP205 - Modi Hospital Junction,12.99746,77.547922,539,2481.29,4.6035,8,SCOOTER,WRONG PARKING,Tier 2,10.8
435,"Cluster 435 (13.0060, 77.5712)",13.006038,77.571195,648,2450.1,3.781,10,CAR,WRONG PARKING,Tier 2,11.3
282,"Cluster 282 (13.0306, 77.5366)",13.03058,77.536555,592,2434.23,4.1119,9,CAR,WRONG PARKING,Tier 2,10.9
412,"BTP210 - 50th cross, 12th Main , Rajajinagar",12.986325,77.555837,450,2395.96,5.3244,3,CAR,WRONG PARKING,Tier 2,10.1
226,BTP032 - Windsor Circle,12.996935,77.584208,401,2381.09,5.9379,10,CAR,NO PARKING,Tier 2,9.8
258,"Cluster 258 (12.9591, 77.6456)",12.959052,77.64558,437,2379.0,5.4439,3,MAXI-CAB,NO PARKING,Tier 2,10.0
240,"BTP226 - 33rd Cross, 11th Main, Jayanagar",12.927136,77.586215,385,2343.36,6.0867,8,CAR,NO PARKING,Tier 2,9.6
96,"Cluster 96 (12.9514, 77.7175)",12.951438,77.717477,396,2339.24,5.9072,8,SCOOTER,PARKING IN A MAIN ROAD,Tier 2,9.7
384,"Cluster 384 (12.9737, 77.6230)",12.973708,77.622958,492,2335.0,4.7459,4,CAR,NO PARKING,Tier 2,10.1
549,BTP044 - Sagar Theatre Junction,12.977482,77.580313,399,2325.44,5.8282,9,CAR,WRONG PARKING,Tier 2,9.6
557,BTP040 - Elite Junction,12.976159,77.57647,579,2322.31,4.0109,6,SCOOTER,NO PARKING,Tier 2,10.5
368,BTP010 - Rajajinagar Entrance,12.980727,77.558214,462,2300.84,4.9802,12,SCOOTER,NO PARKING,Tier 2,9.9
249,"Cluster 249 (12.9598, 77.6489)",12.959837,77.64894,485,2295.92,4.7339,5,PASSENGER AUTO,NO PARKING,Tier 2,10.0
541,BTP044 - Sagar Theatre Junction,12.973951,77.578393,420,2287.4,5.4462,10,CAR,WRONG PARKING,Tier 2,9.6
298,"BTP102 - BMTC Junction, KH Road",12.954142,77.591727,397,2233.67,5.6264,9,CAR,NO PARKING,Tier 2,9.3
32,"Cluster 32 (13.1856, 77.6799)",13.185586,77.679895,382,2229.91,5.8375,5,CAR,NO PARKING,Tier 2,9.2
308,"Cluster 308 (13.0003, 77.6113)",13.000339,77.611319,689,2198.67,3.1911,11,SCOOTER,NO PARKING,Tier 2,10.6
562,BTP044 - Sagar Theatre Junction,12.976716,77.578588,415,2188.02,5.2723,9,CAR,NO PARKING,Tier 2,9.3
75,"Cluster 75 (12.9610, 77.5113)",12.960981,77.511342,519,2173.75,4.1883,12,CAR,NO PARKING,Tier 2,9.7
351,"Cluster 351 (12.9799, 77.6138)",12.979931,77.613843,524,2171.5,4.1441,10,CAR,NO PARKING,Tier 2,9.7
395,BTP074 - Leprosy Hospital Junction,12.975739,77.558962,715,2165.39,3.0285,4,SCOOTER,NO PARKING,Tier 2,10.7
44,"Cluster 44 (12.8705, 77.6549)",12.870527,77.654876,583,2164.28,3.7123,12,CAR,WRONG PARKING,Tier 2,10.0
372,BTP020 - Hosahalli Metro Station,12.970553,77.546297,551,2134.51,3.8739,4,SCOOTER,NO PARKING,Tier 2,9.7
427,BTP023 - Mahalaxmi Layout Entrance,13.008213,77.548472,576,2128.42,3.6952,10,SCOOTER,WRONG PARKING,Tier 2,9.9
205,"Cluster 205 (12.9125, 77.6354)",12.912525,77.635433,694,2106.05,3.0347,14,MOTOR CYCLE,NO PARKING,Tier 2,10.4
232,BTP219 - Canara Bank Junction,12.931232,77.583778,416,2081.8,5.0043,11,CAR,NO PARKING,Tier 2,8.9
188,BTP140 - Madiwala Check Post,12.930397,77.609736,232,2070.37,8.924,2,CAR,PARKING IN A MAIN ROAD,Tier 2,8.0
312,BTP108 - Tagore Park Junction,12.945285,77.571192,443,2053.06,4.6344,10,SCOOTER,NO PARKING,Tier 2,8.9
236,"Cluster 236 (12.9573, 77.5188)",12.957302,77.518809,529,2047.18,3.8699,12,SCOOTER,NO PARKING,Tier 2,9.4
375,BTP028 - Vijayanagar Bus Stand Junction,12.972442,77.537834,436,2031.83,4.6602,10,SCOOTER,WRONG PARKING,Tier 2,8.8
577,BTP082 - KR Market Junction,12.963759,77.576708,534,2027.63,3.7971,0,SCOOTER,WRONG PARKING,Tier 2,9.3
366,BTP192 - Urvashi Theater,12.957967,77.586359,366,2012.19,5.4978,8,CAR,NO PARKING,Tier 2,8.4
571,BTP082 - KR Market Junction,12.963605,77.577284,417,2000.05,4.7963,1,PASSENGER AUTO,WRONG PARKING,Tier 2,8.6
373,"BTP011 - RR Kalyana Mantapa, Dr. Rajkumar Road",12.996518,77.562568,640,1997.26,3.1207,10,SCOOTER,WRONG PARKING,Tier 2,9.7
109,BTP155 - Katriguppe Junction,12.925964,77.55198,405,1994.3,4.9242,11,SCOOTER,NO PARKING,Tier 2,8.6
405,"BTP204 - ESI Hospital, Rajajinagar",12.989774,77.553213,403,1988.34,4.9338,3,PASSENGER AUTO,WRONG PARKING,Tier 2,8.5
238,"BTP148 - 17th Main, Doopanahalli Bus Stop",12.966403,77.641525,291,1979.64,6.8029,13,CAR,NO PARKING,Tier 2,8.0
387,BTP067 - Jai Muni Rao Circle,12.978412,77.543216,410,1979.46,4.828,11,CAR,WRONG PARKING,Tier 2,8.5
465,BTP118 - Basappa Circle,12.959233,77.577664,370,1975.48,5.3391,4,SCOOTER,WRONG PARKING,Tier 2,8.3
38,"Cluster 38 (12.8419, 77.6458)",12.841891,77.645792,681,1955.4,2.8714,13,SCOOTER,WRONG PARKING,Tier 2,9.8
133,"BTP202 - East End Main Road, Jayanagar",12.917768,77.596815,295,1952.79,6.6196,2,CAR,NO PARKING,Tier 2,7.9
124,"Cluster 124 (12.9274, 77.6948)",12.927366,77.694835,317,1952.05,6.1579,4,MAXI-CAB,NO PARKING,Tier 2,8.0
120,"Cluster 120 (12.9593, 77.7161)",12.959326,77.716062,461,1944.51,4.218,5,CAR,WRONG PARKING,Tier 2,8.7
289,"BTP123 - 10th Cross, Wilson Garden",12.945149,77.595463,398,1934.14,4.8597,4,SCOOTER,NO PARKING,Tier 2,8.3
217,"Cluster 217 (13.0280, 77.5734)",13.028021,77.573394,527,1928.8,3.66,11,CAR,WRONG PARKING,Tier 2,9.0
255,"BTP189 - New Diagonal Road, Jayanagar",12.928106,77.580764,397,1899.41,4.7844,9,SCOOTER,NO PARKING,Tier 2,8.2
327,BTP091 - Sirsi Circle,12.964451,77.555178,431,1897.76,4.4032,2,PASSENGER AUTO,NO PARKING,Tier 2,8.4
19,"Cluster 19 (12.8399, 77.6771)",12.839892,77.67714,481,1896.72,3.9433,9,SCOOTER,NO PARKING,Tier 2,8.6
492,BTP027 - Modi Bridge Junction,12.999783,77.54966,447,1880.09,4.206,7,SCOOTER,NO PARKING,Tier 2,8.4
416,BTP076 - Hudson Circle,12.967965,77.588576,405,1877.6,4.636,4,SCOOTER,NO PARKING,Tier 2,8.2
241,BTP098 - Nayandahalli Junction,12.94203,77.525603,349,1875.15,5.3729,11,SCOOTER,WRONG PARKING,Tier 2,7.9
253,"Cluster 253 (12.9696, 77.6413)",12.969587,77.641304,562,1874.2,3.3349,8,MOTOR CYCLE,NO PARKING,Tier 2,8.9
156,"Cluster 156 (13.0500, 77.5931)",13.050034,77.593132,480,1869.71,3.8952,3,CAR,NO PARKING,Tier 2,8.5
168,"Cluster 168 (13.0319, 77.5594)",13.031886,77.559395,466,1852.92,3.9762,3,CAR,WRONG PARKING,Tier 2,8.4
329,BTP054 - Shivananda Circle,12.986801,77.580325,313,1850.28,5.9114,7,CAR,NO PARKING,Tier 2,7.6
494,BTP045 - Danvanthri Road Junction,12.976042,77.574871,298,1815.9,6.0936,10,CAR,WRONG PARKING,Tier 2,7.4
70,"Cluster 70 (12.8730, 77.5402)",12.873048,77.540202,420,1796.26,4.2768,11,CAR,WRONG PARKING,Tier 2,8.0
538,BTP044 - Sagar Theatre Junction,12.973729,77.578838,341,1788.54,5.245,8,CAR,WRONG PARKING,Tier 2,7.6
336,BTP010 - Rajajinagar Entrance,12.985199,77.559957,366,1783.67,4.8734,10,CAR,WRONG PARKING,Tier 2,7.7
210,BTP216 - Yediyur Junction,12.938332,77.577962,319,1779.61,5.5787,6,CAR,NO PARKING,Tier 2,7.4
544,BTP058 - Subbanna Junction,12.978459,77.578601,295,1770.86,6.0029,1,CAR,NO PARKING,Tier 2,7.3
556,"BTP083 - AS Char Street, Mysore Road",12.964777,77.575098,364,1770.37,4.8637,1,SCOOTER,WRONG PARKING,Tier 2,7.6
14,"Cluster 14 (13.1216, 77.6312)",13.121573,77.631183,305,1768.97,5.7999,13,CAR,NO PARKING,Tier 2,7.3
526,BTP044 - Sagar Theatre Junction,12.975402,77.578959,337,1740.06,5.1634,8,CAR,WRONG PARKING,Tier 2,7.4
233,"BTP145 - Sri Hatti Maramma Circle, Domluru",12.961024,77.637043,295,1737.75,5.8907,4,CAR,NO PARKING,Tier 2,7.2
411,"BTP206 - Shankara Mutt Circle, Vijayanagar",12.998618,77.540876,423,1737.57,4.1077,9,SCOOTER,WRONG PARKING,Tier 2,7.8
386,"Cluster 386 (12.9701, 77.6067)",12.970136,77.606722,513,1715.62,3.3443,4,SCOOTER,NO PARKING,Tier 2,8.2
269,BTP215 - Vanivillas Junction,12.941665,77.567089,445,1707.75,3.8376,3,CAR,NO PARKING,Tier 2,7.8
28,"Cluster 28 (13.1873, 77.6803)",13.187301,77.680281,334,1679.36,5.028,4,CAR,NO PARKING,Tier 2,7.2
450,BTP051 - Safina Plaza Junction,12.982808,77.607085,458,1675.59,3.6585,11,SCOOTER,WRONG PARKING,Tier 2,7.8
57,"Cluster 57 (13.0399, 77.5185)",13.039927,77.51854,341,1672.28,4.904,11,PASSENGER AUTO,NO PARKING,Tier 2,7.2
339,"Cluster 339 (12.9793, 77.6291)",12.97932,77.629068,336,1652.38,4.9178,8,CAR,NO PARKING,Tier 2,7.1
211,"Cluster 211 (12.8759, 77.6479)",12.875943,77.64791,335,1651.51,4.9299,2,CAR,WRONG PARKING,Tier 2,7.1
508,"Cluster 508 (12.9830, 77.6108)",12.983027,77.610766,476,1647.42,3.461,11,SCOOTER,NO PARKING,Tier 2,7.8
214,"Cluster 214 (12.9114, 77.6381)",12.911382,77.63807,507,1646.65,3.2478,12,SCOOTER,NO PARKING,Tier 2,7.9
378,"Cluster 378 (12.9991, 77.5694)",12.999129,77.569411,459,1643.9,3.5815,7,CAR,WRONG PARKING,Tier 2,7.7
20,"Cluster 20 (12.8201, 77.6879)",12.820084,77.687878,294,1642.25,5.5859,2,CAR,PARKING IN A MAIN ROAD,Tier 2,6.9
140,BTP130 - GD Mara Junction,12.908447,77.600961,370,1639.4,4.4308,6,SCOOTER,NO PARKING,Tier 2,7.2
539,BTP040 - Elite Junction,12.975303,77.575749,357,1635.9,4.5824,9,SCOOTER,WRONG PARKING,Tier 2,7.1
388,BTP068 - Veeresh Theatre Junction,12.976934,77.545487,381,1614.83,4.2384,11,SCOOTER,NO PARKING,Tier 2,7.2
392,"BTP016 - 5th Main Road, RPC Layout",12.96553,77.537015,289,1606.85,5.56,10,CAR,WRONG PARKING,Tier 2,6.7
185,"Cluster 185 (12.9353, 77.6902)",12.935322,77.690238,404,1598.22,3.956,3,SCOOTER,NO PARKING,Tier 2,7.3
296,"BTP186 - 9th Cross, 4th Main, Jayanagar",12.939385,77.583994,412,1592.36,3.865,3,SCOOTER,WRONG PARKING,Tier 2,7.3
502,BTP051 - Safina Plaza Junction,12.981179,77.609563,372,1587.39,4.2672,9,SCOOTER,NO PARKING,Tier 2,7.1
267,"Cluster 267 (13.0188, 77.5577)",13.018846,77.557663,419,1579.4,3.7695,4,CAR,NO PARKING,Tier 2,7.3
138,"Cluster 138 (12.9387, 77.6970)",12.938733,77.696991,348,1577.42,4.5328,10,SCOOTER,WRONG PARKING,Tier 2,6.9
349,"BTP016 - 5th Main Road, RPC Layout",12.966264,77.535055,375,1573.91,4.1971,8,SCOOTER,NO PARKING,Tier 2,7.0
207,"Cluster 207 (13.0240, 77.5850)",13.023968,77.585013,421,1561.57,3.7092,10,CAR,WRONG PARKING,Tier 2,7.2
110,"Cluster 110 (12.9214, 77.6665)",12.92135,77.666476,410,1550.47,3.7816,4,CAR,WRONG PARKING,Tier 2,7.1
418,"BTP001 - 10th Cross, Dr. Rajkumar Road",13.008795,77.555275,500,1548.79,3.0976,5,SCOOTER,WRONG PARKING,Tier 2,7.6
367,"BTP062 - Basava Mantapa, Dr. Rajkumar Road",12.97996,77.554567,288,1545.32,5.3657,10,SCOOTER,NO PARKING,Tier 2,6.5
394,"BTP024 - NPS, Vijayanagar",12.983291,77.548973,309,1535.07,4.9679,7,SCOOTER,WRONG PARKING,Tier 2,6.6
180,BTP126 - Dairy Circle,12.936798,77.601714,210,1534.44,7.3069,6,SCOOTER,PARKING IN A MAIN ROAD,Tier 2,6.1
134,"Cluster 134 (12.9261, 77.6767)",12.92615,77.676716,367,1529.27,4.1669,4,PASSENGER AUTO,WRONG PARKING,Tier 2,6.8
146,BTP030 - Mekhri Circle,13.007654,77.580469,326,1518.58,4.6582,11,CAR,NO PARKING,Tier 2,6.6
196,"Cluster 196 (13.0229, 77.5929)",13.022901,77.592897,458,1512.9,3.3033,5,SCOOTER,WRONG PARKING,Tier 2,7.2
295,BTP218 - Syndicate Bank Junction,12.937226,77.584957,425,1503.75,3.5382,12,SCOOTER,NO PARKING,Tier 2,7.0
361,"BTP022 - Marenahalli Junction, Vijayanagar",12.96864,77.537169,386,1499.75,3.8854,5,SCOOTER,WRONG PARKING,Tier 2,6.8
462,BTP051 - Safina Plaza Junction,12.981791,77.609514,405,1487.99,3.674,11,SCOOTER,WRONG PARKING,Tier 2,6.9
74,"Cluster 74 (12.9731, 77.5094)",12.973134,77.509356,303,1482.58,4.893,3,CAR,NO PARKING,Tier 2,6.4
191,"BTP117 - 9th Cross, Kanakapura Road",12.91106,77.574633,306,1473.02,4.8138,3,SCOOTER,WRONG PARKING,Tier 2,6.4
259,"BTP148 - 17th Main, Doopanahalli Bus Stop",12.960198,77.644626,248,1469.02,5.9235,4,PASSENGER AUTO,NO PARKING,Tier 2,6.1
286,BTP032 - Windsor Circle,12.993278,77.589046,365,1466.43,4.0176,3,SCOOTER,WRONG PARKING,Tier 2,6.6
337,BTP010 - Rajajinagar Entrance,12.982424,77.562986,248,1448.65,5.8413,11,PASSENGER AUTO,NO PARKING,Tier 2,6.0
24,"Cluster 24 (12.8416, 77.6474)",12.841629,77.647424,483,1436.8,2.9747,12,SCOOTER,WRONG PARKING,Tier 2,7.1
530,BTP044 - Sagar Theatre Junction,12.974397,77.578081,283,1417.5,5.0088,10,PASSENGER AUTO,WRONG PARKING,Tier 2,6.1
129,"Cluster 129 (12.9569, 77.7029)",12.956886,77.702909,333,1417.34,4.2563,3,CAR,NO PARKING,Tier 2,6.3
536,BTP038 - Mysore Bank Junction,12.973315,77.580338,281,1415.75,5.0383,9,PASSENGER AUTO,NO PARKING,Tier 2,6.0
515,BTP051 - Safina Plaza Junction,12.982308,77.610558,363,1409.11,3.8818,10,PASSENGER AUTO,WRONG PARKING,Tier 2,6.4
165,"BTP221 - 15th Cross, 24th Main, JP Nagar",12.904422,77.588248,259,1404.43,5.4225,11,CAR,NO PARKING,Tier 2,5.9
304,BTP041 - Gopal Gowda Circle,12.976838,77.589077,257,1385.43,5.3908,2,CAR,NO PARKING,Tier 2,5.8
451,BTP069 - MC Circle,12.974448,77.54672,342,1382.71,4.043,4,SCOOTER,WRONG PARKING,Tier 2,6.2
573,BTP040 - Elite Junction,12.977227,77.57729,266,1380.33,5.1892,8,CAR,WRONG PARKING,Tier 2,5.9
563,BTP040 - Elite Junction,12.975736,77.575938,275,1366.16,4.9679,8,CAR,WRONG PARKING,Tier 2,5.9
116,"Cluster 116 (13.0104, 77.6976)",13.010401,77.697555,236,1364.23,5.7806,11,CAR,PARKING IN A MAIN ROAD,Tier 2,5.7
420,BTP167 - JC Road Junction,12.957934,77.581816,233,1352.61,5.8052,8,SCOOTER,WRONG PARKING,Tier 2,5.6
326,"Cluster 326 (12.9948, 77.6104)",12.99485,77.61035,390,1346.77,3.4533,3,CAR,WRONG PARKING,Tier 2,6.4
6,"Cluster 6 (13.0459, 77.7503)",13.045871,77.750262,229,1346.64,5.8805,11,CAR,NO PARKING,Tier 2,5.6
82,"Cluster 82 (12.9602, 77.7324)",12.960159,77.732416,244,1318.49,5.4036,10,CAR,NO PARKING,Tier 2,5.5
301,BTP047 - Vidhan Soudha Metro Station,12.979946,77.592789,242,1312.47,5.4234,11,CAR,NO PARKING,Tier 2,5.5
477,"BTP026 - 1st Block Junction, Rajajinagar",13.002338,77.550236,256,1308.65,5.1119,7,CAR,WRONG PARKING,Tier 2,5.6
30,"Cluster 30 (13.1866, 77.6805)",13.186649,77.680452,291,1296.32,4.4547,4,CAR,WRONG PARKING,Tier 2,5.7
252,"Cluster 252 (12.9700, 77.6382)",12.970006,77.638222,281,1278.74,4.5507,7,CAR,NO PARKING,Tier 2,5.6
504,BTP027 - Modi Bridge Junction,12.999401,77.549601,273,1266.89,4.6406,3,SCOOTER,WRONG PARKING,Tier 2,5.5
127,"Cluster 127 (12.8885, 77.5627)",12.888535,77.562739,388,1263.73,3.257,11,SCOOTER,NO PARKING,Tier 2,6.1
237,"BTP148 - 17th Main, Doopanahalli Bus Stop",12.963597,77.641481,207,1257.17,6.0733,10,CAR,NO PARKING,Tier 2,5.2
567,BTP040 - Elite Junction,12.977044,77.576914,241,1251.88,5.1945,6,CAR,NO PARKING,Tier 2,5.3
243,"Cluster 243 (12.9360, 77.5180)",12.936018,77.517973,389,1251.51,3.2172,10,SCOOTER,WRONG PARKING,Tier 2,6.0
306,BTP091 - Sirsi Circle,12.960703,77.560856,156,1244.74,7.9791,3,SCOOTER,NO PARKING,Tier 2,4.9
560,BTP044 - Sagar Theatre Junction,12.976901,77.578163,243,1240.33,5.1042,10,CAR,WRONG PARKING,Tier 2,5.3
287,BTP034 - LRDE Junction,12.988824,77.592205,260,1236.05,4.754,5,CAR,NO PARKING,Tier 2,5.4
13,"Cluster 13 (13.1214, 77.6153)",13.121362,77.615315,271,1230.27,4.5397,3,MAXI-CAB,WRONG PARKING,Tier 2,5.4
235,BTP098 - Nayandahalli Junction,12.949929,77.52246,181,1225.52,6.7708,0,CAR,NO PARKING,Tier 2,4.9
101,"Cluster 101 (12.9174, 77.6722)",12.917404,77.672246,301,1221.28,4.0574,10,CAR,WRONG PARKING,Tier 2,5.5
254,"BTP188 - 27th Cross, 4th Main, Jayanagar",12.929407,77.580678,277,1212.82,4.3784,8,SCOOTER,NO PARKING,Tier 2,5.4
49,"Cluster 49 (13.0494, 77.4963)",13.049425,77.49631,221,1208.75,5.4695,11,CAR,WRONG PARKING,Tier 2,5.1
280,BTP108 - Tagore Park Junction,12.944032,77.573117,203,1204.91,5.9355,4,CAR,NO PARKING,Tier 2,5.0
290,"BTP123 - 10th Cross, Wilson Garden",12.949803,77.597343,253,1204.43,4.7606,8,CAR,WRONG PARKING,Tier 2,5.2
345,"BTP022 - Marenahalli Junction, Vijayanagar",12.967667,77.536074,222,1201.83,5.4136,12,CAR,NO PARKING,Tier 2,5.1
123,"Cluster 123 (12.9318, 77.6957)",12.931758,77.695683,157,1196.75,7.6226,6,MAXI-CAB,PARKING IN A MAIN ROAD,Tier 2,4.7
441,BTP027 - Modi Bridge Junction,12.997488,77.548629,279,1196.57,4.2888,10,SCOOTER,NO PARKING,Tier 2,5.3
452,"Cluster 452 (12.9824, 77.6125)",12.982383,77.612466,338,1194.3,3.5334,11,CAR,NO PARKING,Tier 2,5.6
360,BTP180 - Swagath Poornima Theatre,12.960965,77.586968,186,1193.22,6.4152,2,TEMPO,WRONG PARKING,Tier 2,4.8
428,BTP023 - Mahalaxmi Layout Entrance,13.007491,77.548685,172,1191.54,6.9276,10,BUS (BMTC/KSRTC),WRONG PARKING,Tier 2,4.8
421,"BTP206 - Shankara Mutt Circle, Vijayanagar",12.998583,77.542427,223,1182.93,5.3046,5,CAR,WRONG PARKING,Tier 2,5.0
55,"Cluster 55 (13.1835, 77.6797)",13.183484,77.679742,189,1177.64,6.2309,4,CAR,NO PARKING,Tier 2,4.8
73,"Cluster 73 (13.0473, 77.5464)",13.047301,77.546357,216,1173.18,5.4314,3,CAR,WRONG PARKING,Tier 2,4.9
457,BTP082 - KR Market Junction,12.96129,77.577759,276,1168.16,4.2325,6,SCOOTER,WRONG PARKING,Tier 2,5.2
331,"Cluster 331 (12.9958, 77.6135)",12.995777,77.613533,364,1156.2,3.1764,13,SCOOTER,NO PARKING,Tier 2,5.6
507,"Cluster 507 (12.9827, 77.6107)",12.98269,77.610679,340,1156.04,3.4001,10,PASSENGER AUTO,NO PARKING,Tier 2,5.5
510,"Cluster 510 (13.0128, 77.5545)",13.012794,77.554521,304,1153.58,3.7947,9,PASSENGER AUTO,WRONG PARKING,Tier 2,5.3
389,BTP018 - Dhobi Ghat Junction,12.987197,77.549641,217,1151.19,5.305,11,CAR,WRONG PARKING,Tier 2,4.9
320,"Cluster 320 (12.9891, 77.5991)",12.989148,77.599097,347,1147.52,3.307,4,SCOOTER,WRONG PARKING,Tier 2,5.5
178,"BTP176 - Rajalakshmi Kalyana Mantapa, JP Nagar",12.917323,77.578303,195,1141.31,5.8529,5,CAR,NO PARKING,Tier 2,4.7
53,"Cluster 53 (13.0076, 77.7582)",13.00755,77.758168,290,1139.48,3.9292,11,CAR,NO PARKING,Tier 2,5.2
423,BTP061 - Bhashyam Circle,12.98552,77.554181,237,1138.06,4.8019,7,SCOOTER,WRONG PARKING,Tier 2,4.9
275,BTP023 - Mahalaxmi Layout Entrance,13.009761,77.543245,308,1137.14,3.692,3,CAR,WRONG PARKING,Tier 2,5.3
52,"Cluster 52 (12.9103, 77.5508)",12.910333,77.550847,156,1133.85,7.2683,11,CAR,PARKING IN A MAIN ROAD,Tier 2,4.5
293,BTP032 - Windsor Circle,12.994014,77.589097,262,1109.5,4.2347,3,SCOOTER,NO PARKING,Tier 2,4.9
580,BTP082 - KR Market Junction,12.964464,77.577807,250,1109.12,4.4365,9,SCOOTER,WRONG PARKING,Tier 2,4.9
454,"BTP001 - 10th Cross, Dr. Rajkumar Road",13.008168,77.554877,240,1108.59,4.6191,10,CAR,WRONG PARKING,Tier 2,4.8
153,"Cluster 153 (12.9358, 77.5357)",12.935756,77.535731,319,1108.52,3.475,2,SCOOTER,NO PARKING,Tier 2,5.2
353,"BTP099 - Cash Pharmacy, Residency Road",12.967953,77.600796,157,1105.58,7.0419,5,CAR,NO PARKING,Tier 2,4.4
108,"Cluster 108 (12.9940, 77.6633)",12.993983,77.663305,399,1103.3,2.7652,14,SCOOTER,WRONG PARKING,Tier 2,5.6
439,"BTP001 - 10th Cross, Dr. Rajkumar Road",13.008076,77.555745,218,1094.16,5.0191,6,CAR,WRONG PARKING,Tier 2,4.7
58,"Cluster 58 (13.0015, 77.5256)",13.001477,77.525632,160,1092.45,6.8278,11,CAR,NO PARKING,Tier 2,4.4
432,BTP020 - Hosahalli Metro Station,12.973633,77.544626,305,1087.94,3.567,4,SCOOTER,WRONG PARKING,Tier 2,5.1
385,"Cluster 385 (12.9730, 77.6201)",12.973025,77.6201,234,1087.15,4.6459,11,CAR,NO PARKING,Tier 2,4.7
362,"BTP022 - Marenahalli Junction, Vijayanagar",12.968922,77.53628,248,1084.52,4.3731,10,SCOOTER,NO PARKING,Tier 2,4.8
468,BTP020 - Hosahalli Metro Station,12.974419,77.545876,291,1083.53,3.7235,4,SCOOTER,WRONG PARKING,Tier 2,5.0
352,"Cluster 352 (12.9910, 77.5716)",12.991034,77.571647,305,1075.45,3.5261,11,SCOOTER,NO PARKING,Tier 2,5.0
88,"Cluster 88 (12.8758, 77.5952)",12.875781,77.595248,345,1074.36,3.1141,13,SCOOTER,NO PARKING,Tier 2,5.2
443,"Cluster 443 (12.9818, 77.6125)",12.981769,77.612474,255,1074.05,4.212,10,CAR,NO PARKING,Tier 2,4.8
281,"Cluster 281 (13.0289, 77.5397)",13.028928,77.539721,207,1072.0,5.1787,2,CAR,NO PARKING,Tier 2,4.6
37,"Cluster 37 (12.8417, 77.6445)",12.841714,77.644473,257,1071.88,4.1707,13,CAR,NO PARKING,Tier 2,4.8
471,BTP058 - Subbanna Junction,12.980521,77.578808,158,1066.1,6.7475,5,CAR,WRONG PARKING,Tier 2,4.3
25,"Cluster 25 (12.9151, 77.4879)",12.91509,77.487887,220,1064.11,4.8369,11,SCOOTER,NO PARKING,Tier 2,4.6
382,"Cluster 382 (12.9716, 77.6182)",12.971558,77.618171,378,1063.7,2.814,3,SCOOTER,WRONG PARKING,Tier 2,5.4
107,"Cluster 107 (12.9933, 77.6620)",12.993345,77.661986,320,1061.2,3.3163,14,SCOOTER,NO PARKING,Tier 2,5.1
322,"Cluster 322 (12.9871, 77.5744)",12.987064,77.574414,243,1054.9,4.3412,3,CAR,NO PARKING,Tier 2,4.7
481,"BTP182 - 19th Main Junction, Rajajinagar",12.99935,77.55072,202,1050.0,5.198,6,CAR,WRONG PARKING,Tier 2,4.5
187,"Cluster 187 (12.9267, 77.6089)",12.926658,77.60895,138,1048.53,7.598,2,MAXI-CAB,PARKING IN A MAIN ROAD,Tier 2,4.1
433,"Cluster 433 (13.0085, 77.5706)",13.008513,77.570612,276,1043.1,3.7793,7,CAR,WRONG PARKING,Tier 2,4.8
80,"Cluster 80 (12.9924, 77.6526)",12.992387,77.652608,204,1040.6,5.101,7,CAR,NO PARKING,Tier 2,4.4
270,BTP184 - Lalbagh West Gate,12.947644,77.579942,218,1032.92,4.7382,10,SCOOTER,NO PARKING,Tier 3,4.5
223,"Cluster 223 (12.9587, 77.6681)",12.958673,77.668073,324,1030.65,3.181,3,SCOOTER,WRONG PARKING,Tier 3,5.0
184,BTP126 - Dairy Circle,12.936555,77.605906,140,1022.9,7.3064,3,CAR,NO PARKING,Tier 3,4.1
63,"Cluster 63 (13.0223, 77.6392)",13.022283,77.639209,320,1014.57,3.1705,13,SCOOTER,WRONG PARKING,Tier 3,4.9
274,"BTP101 - Blood Bank Circle, KH Road",12.962005,77.596015,244,1009.68,4.138,3,SCOOTER,NO PARKING,Tier 3,4.5
69,"Cluster 69 (13.0038, 77.7198)",13.003819,77.719832,217,1002.46,4.6196,4,SCOOTER,PARKING IN A MAIN ROAD,Tier 3,4.4
486,BTP027 - Modi Bridge Junction,12.999176,77.548874,253,1001.84,3.9598,10,SCOOTER,NO PARKING,Tier 3,4.5
476,"BTP026 - 1st Block Junction, Rajajinagar",13.003444,77.550068,199,999.11,5.0207,7,CAR,WRONG PARKING,Tier 3,4.3
356,"Cluster 356 (12.9737, 77.6098)",12.973744,77.609815,246,997.91,4.0565,10,CAR,NO PARKING,Tier 3,4.5
527,BTP051 - Safina Plaza Junction,12.980972,77.610508,214,993.13,4.6408,10,PASSENGER AUTO,WRONG PARKING,Tier 3,4.3
484,"Cluster 484 (13.0124, 77.5534)",13.012415,77.55339,250,991.35,3.9654,10,CAR,NO PARKING,Tier 3,4.5
348,"Cluster 348 (12.9902, 77.5746)",12.990203,77.574584,249,990.61,3.9784,6,CAR,NO PARKING,Tier 3,4.5
546,BTP044 - Sagar Theatre Junction,12.973255,77.577537,237,988.4,4.1705,9,SCOOTER,NO PARKING,Tier 3,4.4
15,"Cluster 15 (13.1902, 77.6806)",13.190212,77.680627,251,986.55,3.9305,5,CAR,WRONG PARKING,Tier 3,4.5
579,BTP082 - KR Market Junction,12.964381,77.578462,199,985.74,4.9535,10,CAR,WRONG PARKING,Tier 3,4.2
475,BTP023 - Mahalaxmi Layout Entrance,13.010971,77.550491,175,983.65,5.6209,8,CAR,WRONG PARKING,Tier 3,4.1
228,"Cluster 228 (12.9590, 77.6563)",12.958975,77.656345,190,981.11,5.1637,4,CAR,NO PARKING,Tier 3,4.2
478,BTP051 - Safina Plaza Junction,12.979822,77.609594,158,972.65,6.156,10,CAR,NO PARKING,Tier 3,4.0
41,"Cluster 41 (13.0706, 77.6314)",13.070611,77.631353,212,972.35,4.5866,13,CAR,NO PARKING,Tier 3,4.2
446,BTP069 - MC Circle,12.974452,77.547479,247,966.1,3.9113,11,SCOOTER,WRONG PARKING,Tier 3,4.4
566,BTP082 - KR Market Junction,12.964325,77.579355,176,965.16,5.4839,1,CAR,WRONG PARKING,Tier 3,4.0
565,BTP040 - Elite Junction,12.977081,77.576051,205,962.67,4.6959,8,SCOOTER,NO PARKING,Tier 3,4.2
244,BTP098 - Nayandahalli Junction,12.947958,77.534385,130,961.94,7.3995,1,CAR,NO PARKING,Tier 3,3.8
379,"Cluster 379 (12.9752, 77.6202)",12.975217,77.620238,217,957.46,4.4123,4,CAR,NO PARKING,Tier 3,4.2
78,"Cluster 78 (12.9410, 77.7474)",12.94103,77.747368,186,952.02,5.1184,11,CAR,WRONG PARKING,Tier 3,4.1
31,"Cluster 31 (13.1861, 77.6799)",13.186137,77.679887,176,948.56,5.3895,3,CAR,NO PARKING,Tier 3,4.0
208,"Cluster 208 (12.9993, 77.6245)",12.999306,77.624536,224,947.1,4.2281,3,CAR,NO PARKING,Tier 3,4.2
183,BTP136 - Hosur-Tavarkere Road Junction,12.935584,77.608164,105,945.2,9.0019,2,CAR,PARKING IN A MAIN ROAD,Tier 3,3.6
393,"BTP024 - NPS, Vijayanagar",12.981039,77.548916,158,944.94,5.9807,3,CAR,NO PARKING,Tier 3,3.9
335,BTP009 - Prakash Nagar Junction,12.992596,77.558034,236,939.89,3.9826,3,SCOOTER,WRONG PARKING,Tier 3,4.3
479,BTP051 - Safina Plaza Junction,12.983314,77.609505,355,939.55,2.6466,9,SCOOTER,WRONG PARKING,Tier 3,4.8
459,"BTP001 - 10th Cross, Dr. Rajkumar Road",13.008668,77.554326,159,936.18,5.8879,10,CAR,WRONG PARKING,Tier 3,3.9
39,"Cluster 39 (13.0495, 77.5249)",13.049538,77.524896,314,935.15,2.9782,3,SCOOTER,NO PARKING,Tier 3,4.6
141,BTP130 - GD Mara Junction,12.907428,77.600442,209,931.98,4.4592,11,SCOOTER,NO PARKING,Tier 3,4.1
9,"Cluster 9 (13.1841, 77.6876)",13.184063,77.687637,241,930.35,3.8604,4,CAR,WRONG PARKING,Tier 3,4.3
234,BTP220 - Puttanna Junction,12.928828,77.582134,152,929.95,6.1181,7,CAR,NO PARKING,Tier 3,3.8
119,"Cluster 119 (13.0009, 77.6770)",13.000875,77.676997,234,929.39,3.9718,6,PASSENGER AUTO,NO PARKING,Tier 3,4.2
152,BTP132 - Anepalya Junction,12.95123,77.606979,163,922.03,5.6566,10,CAR,NO PARKING,Tier 3,3.8
48,"Cluster 48 (13.0454, 77.5071)",13.045399,77.507098,258,918.84,3.5614,6,PASSENGER AUTO,WRONG PARKING,Tier 3,4.3
297,BTP052 - CID Carlton House Junction,12.980895,77.588258,157,911.96,5.8087,7,CAR,NO PARKING,Tier 3,3.8
363,"Cluster 363 (13.0153, 77.5552)",13.015315,77.555182,182,911.63,5.009,11,CAR,NO PARKING,Tier 3,3.9
1,"Cluster 1 (13.1467, 77.6193)",13.146735,77.61934,184,911.46,4.9536,1,MOTOR CYCLE,NO PARKING,Tier 3,3.9
311,BTP108 - Tagore Park Junction,12.9444,77.571067,215,910.07,4.2329,11,SCOOTER,WRONG PARKING,Tier 3,4.1
497,BTP038 - Mysore Bank Junction,12.976139,77.583168,165,908.42,5.5056,7,CAR,WRONG PARKING,Tier 3,3.8
408,BTP051 - Safina Plaza Junction,12.974589,77.607776,268,906.68,3.3831,14,SCOOTER,WRONG PARKING,Tier 3,4.3
473,BTP020 - Hosahalli Metro Station,12.974483,77.544801,232,901.88,3.8874,3,SCOOTER,WRONG PARKING,Tier 3,4.1
383,BTP063 - Siddalingaiah Circle,12.971651,77.593501,147,899.43,6.1186,2,CAR,NO PARKING,Tier 3,3.7
578,BTP082 - KR Market Junction,12.963413,77.576502,191,882.94,4.6227,22,SCOOTER,WRONG PARKING,Tier 3,3.8
278,BTP100 - Richmond Circle,12.962487,77.59837,210,876.68,4.1747,4,SCOOTER,NO PARKING,Tier 3,3.9
51,"Cluster 51 (12.9065, 77.5447)",12.90654,77.544741,201,875.61,4.3563,12,CAR,NO PARKING,Tier 3,3.9
542,BTP043 - Upparpet Junction,12.970556,77.576043,193,873.53,4.5261,9,PASSENGER AUTO,WRONG PARKING,Tier 3,3.8
174,"Cluster 174 (13.0055, 77.5937)",13.005468,77.593717,218,870.0,3.9908,10,CAR,NO PARKING,Tier 3,3.9
200,"Cluster 200 (12.9258, 77.6337)",12.925794,77.633668,187,866.29,4.6326,11,CAR,NO PARKING,Tier 3,3.8
482,"BTP026 - 1st Block Junction, Rajajinagar",13.001424,77.550359,166,865.69,5.215,7,CAR,WRONG PARKING,Tier 3,3.7
429,"Cluster 429 (13.0011, 77.5713)",13.001139,77.571314,234,856.57,3.6606,10,CAR,WRONG PARKING,Tier 3,4.0
246,"BTP094 - Sri Skanda Complex, Mysore Road",12.955731,77.546063,107,856.48,8.0045,4,CAR,NO PARKING,Tier 3,3.3
271,BTP193 - Vasavi Circle,12.950618,77.57685,160,849.45,5.3091,13,CAR,NO PARKING,Tier 3,3.6
316,BTP085 - Briyand Circle,12.967974,77.56908,156,849.42,5.445,2,PASSENGER AUTO,NO PARKING,Tier 3,3.6
448,BTP020 - Hosahalli Metro Station,12.973982,77.544808,207,849.24,4.1026,9,SCOOTER,NO PARKING,Tier 3,3.8
343,BTP214 - 5th Main Chamrajpet  Junction,12.958003,77.567352,114,846.37,7.4243,10,SCOOTER,NO PARKING,Tier 3,3.3
409,"BTP070 - Cholurpalya Junction, Magadi Road",12.973485,77.549893,190,846.15,4.4534,11,SCOOTER,NO PARKING,Tier 3,3.7
113,"Cluster 113 (12.9872, 77.5196)",12.98724,77.519598,256,840.14,3.2818,10,SCOOTER,NO PARKING,Tier 3,4.0
112,"Cluster 112 (12.9567, 77.7151)",12.95673,77.715078,197,838.61,4.2569,2,CAR,WRONG PARKING,Tier 3,3.7
61,"Cluster 61 (13.0222, 77.5327)",13.022203,77.53272,128,837.56,6.5434,10,HGV,WRONG PARKING,Tier 3,3.4
150,"Cluster 150 (12.9638, 77.7178)",12.963795,77.717794,186,837.55,4.503,5,MAXI-CAB,WRONG PARKING,Tier 3,3.7
71,"Cluster 71 (13.0573, 77.5470)",13.057279,77.546958,219,835.2,3.8137,11,CAR,NO PARKING,Tier 3,3.8
194,BTP137 - Madiwala Traffic PS Junction,12.920116,77.620942,114,835.14,7.3258,13,CAR,NO PARKING,Tier 3,3.3
203,BTP219 - Canara Bank Junction,12.93165,77.58604,151,832.09,5.5105,9,CAR,NO PARKING,Tier 3,3.5
302,"Cluster 302 (12.9913, 77.6121)",12.991286,77.612051,186,830.51,4.4651,11,CAR,NO PARKING,Tier 3,3.7
305,BTP092 - Bangalore Builders Junction,12.958406,77.554443,106,827.13,7.8032,0,CAR,NO PARKING,Tier 3,3.2
505,BTP078 - NR Square Junction,12.965549,77.585229,165,825.87,5.0053,8,SCOOTER,NO PARKING,Tier 3,3.5
519,"BTP080 - NR Road, SP Road Junction",12.964003,77.58343,163,824.84,5.0604,10,SCOOTER,WRONG PARKING,Tier 3,3.5
231,"Cluster 231 (12.9875, 77.6187)",12.987475,77.618652,224,818.76,3.6552,10,CAR,NO PARKING,Tier 3,3.8
371,BTP211 - Central Street Junction,12.98467,77.601685,100,814.88,8.1488,10,CAR,PARKING IN A MAIN ROAD,Tier 3,3.2
93,"Cluster 93 (12.9684, 77.7012)",12.968352,77.701212,159,814.36,5.1218,9,CAR,NO PARKING,Tier 3,3.5
422,BTP205 - Modi Hospital Junction,12.99772,77.544309,155,813.33,5.2473,5,CAR,WRONG PARKING,Tier 3,3.4
162,"Cluster 162 (12.9108, 77.6446)",12.910818,77.644615,225,807.81,3.5903,10,CAR,NO PARKING,Tier 3,3.8
376,"BTP001 - 10th Cross, Dr. Rajkumar Road",13.004465,77.553526,169,807.46,4.7779,6,SCOOTER,WRONG PARKING,Tier 3,3.5
572,BTP040 - Elite Junction,12.977611,77.577196,154,804.51,5.2241,1,CAR,NO PARKING,Tier 3,3.4
121,"Cluster 121 (12.9997, 77.6764)",12.999734,77.676416,199,802.61,4.0332,9,SCOOTER,WRONG PARKING,Tier 3,3.6
342,"Cluster 342 (12.9973, 77.5684)",12.997316,77.568429,216,802.25,3.7141,10,CAR,WRONG PARKING,Tier 3,3.7
413,BTP063 - Siddalingaiah Circle,12.971129,77.596992,122,798.22,6.5428,7,CAR,NO PARKING,Tier 3,3.2
100,"Cluster 100 (12.9863, 77.7095)",12.986289,77.709526,165,796.57,4.8277,11,CAR,WRONG PARKING,Tier 3,3.4
163,"Cluster 163 (12.9156, 77.6517)",12.915621,77.651682,259,795.5,3.0714,11,SCOOTER,NO PARKING,Tier 3,3.9
445,"Cluster 445 (13.0092, 77.5544)",13.009191,77.554356,191,793.45,4.1542,10,CAR,WRONG PARKING,Tier 3,3.6
467,BTP082 - KR Market Junction,12.964864,77.580604,179,791.56,4.4221,10,PASSENGER AUTO,WRONG PARKING,Tier 3,3.5
559,BTP040 - Elite Junction,12.976289,77.575751,191,790.3,4.1377,3,SCOOTER,WRONG PARKING,Tier 3,3.5
114,"Cluster 114 (12.9605, 77.7017)",12.960479,77.701656,180,779.1,4.3283,10,CAR,NO PARKING,Tier 3,3.5
72,"Cluster 72 (13.0509, 77.5527)",13.050917,77.552714,198,778.17,3.9302,10,SCOOTER,NO PARKING,Tier 3,3.5
11,"Cluster 11 (13.0993, 77.5877)",13.099302,77.587686,236,778.1,3.297,11,SCOOTER,NO PARKING,Tier 3,3.7
23,"Cluster 23 (13.0594, 77.6503)",13.05941,77.650308,192,777.5,4.0495,12,CAR,NO PARKING,Tier 3,3.5
303,BTP041 - Gopal Gowda Circle,12.977449,77.591063,158,774.35,4.901,2,SCOOTER,NO PARKING,Tier 3,3.3
532,"BTP080 - NR Road, SP Road Junction",12.964156,77.581262,120,770.91,6.4242,10,CAR,NO PARKING,Tier 3,3.1
347,BTP048 - Shanthala Junction,12.978097,77.570786,109,767.9,7.045,9,PASSENGER AUTO,NO PARKING,Tier 3,3.1
324,BTP203 - RRMR Junction,12.967543,77.593351,117,765.39,6.5418,23,CAR,NO PARKING,Tier 3,3.1
359,BTP064 - Devanga Hostel Junction,12.962455,77.58967,118,765.1,6.4839,3,CAR,NO PARKING,Tier 3,3.1
340,BTP048 - Shanthala Junction,12.975473,77.570776,149,763.15,5.1218,5,PASSENGER AUTO,WRONG PARKING,Tier 3,3.2
265,BTP207 - 8th Main Road Basaveshwara Nagar,12.991848,77.538407,168,762.97,4.5415,10,CAR,WRONG PARKING,Tier 3,3.3
509,BTP038 - Mysore Bank Junction,12.972355,77.579753,174,751.1,4.3167,10,SCOOTER,NO PARKING,Tier 3,3.3
215,"Cluster 215 (12.8807, 77.6451)",12.880714,77.645072,155,750.5,4.8419,2,CAR,WRONG PARKING,Tier 3,3.2
330,"Cluster 330 (12.9955, 77.6140)",12.995471,77.614013,240,746.55,3.1106,12,SCOOTER,NO PARKING,Tier 3,3.6
284,"Cluster 284 (13.0273, 77.5431)",13.027324,77.543142,217,745.67,3.4363,8,MOTOR CYCLE,NO PARKING,Tier 3,3.5
551,BTP044 - Sagar Theatre Junction,12.976799,77.579468,131,742.77,5.67,7,CAR,WRONG PARKING,Tier 3,3.1
525,BTP044 - Sagar Theatre Junction,12.977446,77.578664,122,740.88,6.0728,1,CAR,NO PARKING,Tier 3,3.0
334,BTP042 - Minsk Square Junction (CTO),12.981677,77.598663,183,735.63,4.0198,5,SCOOTER,WRONG PARKING,Tier 3,3.3
40,"Cluster 40 (12.9909, 77.4833)",12.990901,77.483258,201,734.08,3.6521,11,SCOOTER,WRONG PARKING,Tier 3,3.4
170,"Cluster 170 (13.0724, 77.5911)",13.072364,77.591116,181,733.35,4.0517,9,CAR,WRONG PARKING,Tier 3,3.3
512,"BTP080 - NR Road, SP Road Junction",12.964071,77.582451,122,730.66,5.989,10,CAR,NO PARKING,Tier 3,3.0
198,BTP136 - Hosur-Tavarkere Road Junction,12.930905,77.606858,235,729.36,3.1037,3,SCOOTER,NO PARKING,Tier 3,3.6
68,"Cluster 68 (12.9068, 77.6967)",12.906795,77.696712,213,726.35,3.4101,7,SCOOTER,WRONG PARKING,Tier 3,3.4
470,"BTP182 - 19th Main Junction, Rajajinagar",12.997909,77.551677,184,726.32,3.9474,10,SCOOTER,WRONG PARKING,Tier 3,3.3
169,"Cluster 169 (13.0688, 77.5927)",13.06882,77.592659,201,723.72,3.6006,11,CAR,WRONG PARKING,Tier 3,3.4
47,"Cluster 47 (13.0536, 77.5076)",13.053561,77.507626,182,722.02,3.9671,11,CAR,NO PARKING,Tier 3,3.3
273,BTP109 - Dewan Madhava Rao Junction,12.940257,77.573004,152,720.72,4.7416,4,SCOOTER,NO PARKING,Tier 3,3.1
456,BTP023 - Mahalaxmi Layout Entrance,13.010209,77.549766,124,720.37,5.8094,5,CAR,WRONG PARKING,Tier 3,3.0
517,BTP051 - Safina Plaza Junction,12.981965,77.610435,139,719.6,5.177,10,PASSENGER AUTO,WRONG PARKING,Tier 3,3.1
131,"Cluster 131 (12.9377, 77.7006)",12.937725,77.700571,186,719.49,3.8682,6,SCOOTER,WRONG PARKING,Tier 3,3.3
555,BTP058 - Subbanna Junction,12.978009,77.577618,130,718.41,5.5262,1,CAR,WRONG PARKING,Tier 3,3.0
83,"Cluster 83 (12.8947, 77.5991)",12.894741,77.599105,195,717.25,3.6782,6,CAR,NO PARKING,Tier 3,3.3
84,"Cluster 84 (12.9679, 77.7496)",12.96787,77.749587,120,716.62,5.9718,8,CAR,PARKING IN A MAIN ROAD,Tier 3,3.0
453,"Cluster 453 (12.9826, 77.6120)",12.982619,77.611956,200,714.9,3.5745,9,CAR,WRONG PARKING,Tier 3,3.3
182,"Cluster 182 (13.0270, 77.5794)",13.026992,77.5794,195,714.1,3.6621,6,CAR,WRONG PARKING,Tier 3,3.3
480,BTP027 - Modi Bridge Junction,12.998945,77.549829,158,712.67,4.5106,4,SCOOTER,WRONG PARKING,Tier 3,3.1
317,"Cluster 317 (12.9946, 77.6155)",12.994597,77.615472,198,708.03,3.5759,12,SCOOTER,NO PARKING,Tier 3,3.3
426,BTP023 - Mahalaxmi Layout Entrance,13.00656,77.548549,164,702.24,4.282,7,SCOOTER,WRONG PARKING,Tier 3,3.1
98,"Cluster 98 (12.9124, 77.6810)",12.912417,77.681038,179,691.87,3.8652,9,CAR,NO PARKING,Tier 3,3.2
89,"Cluster 89 (12.8763, 77.5967)",12.876271,77.596691,231,686.05,2.9699,6,SCOOTER,WRONG PARKING,Tier 3,3.4
251,"Cluster 251 (12.9685, 77.6499)",12.968523,77.649907,111,686.04,6.1805,2,CAR,PARKING IN A MAIN ROAD,Tier 3,2.8
225,"Cluster 225 (12.9117, 77.6260)",12.911666,77.625998,145,685.26,4.7259,8,CAR,NO PARKING,Tier 3,3.0
224,"Cluster 224 (12.9129, 77.6256)",12.912916,77.625564,191,682.48,3.5732,11,CAR,WRONG PARKING,Tier 3,3.2
81,"Cluster 81 (12.9814, 77.7516)",12.981408,77.751641,131,680.94,5.198,8,CAR,NO PARKING,Tier 3,2.9
85,"Cluster 85 (12.9576, 77.7459)",12.957561,77.745915,100,669.28,6.6928,8,CAR,NO PARKING,Tier 3,2.7
584,BTP082 - KR Market Junction,12.964092,77.576524,152,665.69,4.3795,10,PASSENGER AUTO,WRONG PARKING,Tier 3,2.9
213,"Cluster 213 (12.9123, 77.6382)",12.912279,77.638184,215,662.65,3.0821,10,SCOOTER,NO PARKING,Tier 3,3.2
522,BTP082 - KR Market Junction,12.963449,77.57923,126,660.59,5.2428,11,CAR,WRONG PARKING,Tier 3,2.8
425,BTP205 - Modi Hospital Junction,12.997391,77.546321,128,656.46,5.1286,10,CAR,WRONG PARKING,Tier 3,2.8
533,BTP058 - Subbanna Junction,12.978387,77.580932,112,650.8,5.8107,8,CAR,WRONG PARKING,Tier 3,2.7
206,"Cluster 206 (13.0276, 77.5860)",13.027632,77.586009,171,644.25,3.7675,3,CAR,NO PARKING,Tier 3,3.0
294,BTP032 - Windsor Circle,12.994295,77.589313,166,644.14,3.8804,3,SCOOTER,WRONG PARKING,Tier 3,2.9
540,BTP044 - Sagar Theatre Junction,12.973549,77.57824,122,642.4,5.2656,8,CAR,WRONG PARKING,Tier 3,2.7
547,BTP044 - Sagar Theatre Junction,12.97313,77.578021,152,640.15,4.2115,11,SCOOTER,WRONG PARKING,Tier 3,2.9
17,"Cluster 17 (12.8552, 77.6639)",12.85517,77.663901,121,636.55,5.2607,11,SCOOTER,PARKING IN A MAIN ROAD,Tier 3,2.7
535,BTP043 - Upparpet Junction,12.971027,77.57633,130,636.51,4.8962,6,PASSENGER AUTO,WRONG PARKING,Tier 3,2.7
499,"Cluster 499 (13.0125, 77.5539)",13.01246,77.553868,166,633.4,3.8157,8,CAR,NO PARKING,Tier 3,2.9
220,"Cluster 220 (12.9413, 77.6213)",12.941327,77.621325,163,631.67,3.8753,4,SCOOTER,NO PARKING,Tier 3,2.9
167,"Cluster 167 (12.9320, 77.6916)",12.931968,77.691626,163,630.65,3.869,4,SCOOTER,NO PARKING,Tier 3,2.9
575,BTP082 - KR Market Junction,12.964864,77.576087,167,629.23,3.7678,5,SCOOTER,WRONG PARKING,Tier 3,2.9
460,BTP051 - Safina Plaza Junction,12.982109,77.606998,131,628.99,4.8015,8,CAR,WRONG PARKING,Tier 3,2.7
21,"Cluster 21 (12.8966, 77.7201)",12.896649,77.720051,174,628.44,3.6117,11,SCOOTER,WRONG PARKING,Tier 3,2.9
514,BTP038 - Mysore Bank Junction,12.972004,77.58079,149,628.39,4.2174,11,SCOOTER,NO PARKING,Tier 3,2.8
415,BTP075 - Police Corner,12.968684,77.586178,103,625.27,6.0706,8,CAR,NO PARKING,Tier 3,2.6
160,"Cluster 160 (13.0583, 77.5915)",13.058305,77.591524,145,623.9,4.3028,13,CAR,WRONG PARKING,Tier 3,2.8
16,"Cluster 16 (12.9424, 77.4935)",12.94239,77.493486,159,622.55,3.9154,11,CAR,WRONG PARKING,Tier 3,2.8
341,BTP054 - Shivananda Circle,12.9882,77.577142,116,618.24,5.3297,7,CAR,WRONG PARKING,Tier 3,2.6
176,"BTP190 - 36th Cross, 4th Main, Jayanagar",12.92165,77.580681,144,617.34,4.2871,5,SCOOTER,NO PARKING,Tier 3,2.7
27,"Cluster 27 (13.1883, 77.6804)",13.188289,77.680366,150,617.09,4.1139,3,CAR,WRONG PARKING,Tier 3,2.8
0,"Cluster 0 (13.2463, 77.7128)",13.246255,77.712848,131,617.05,4.7103,4,CAR,NO PARKING,Tier 3,2.7
516,BTP051 - Safina Plaza Junction,12.981753,77.61038,123,614.0,4.9919,10,CAR,WRONG PARKING,Tier 3,2.6
204,"BTP001 - 10th Cross, Dr. Rajkumar Road",13.002913,77.553373,137,612.3,4.4694,4,CAR,WRONG PARKING,Tier 3,2.7
222,"Cluster 222 (12.9124, 77.6338)",12.912431,77.633812,239,611.4,2.5582,12,SCOOTER,WRONG PARKING,Tier 3,3.2
90,"Cluster 90 (12.9880, 77.7341)",12.987961,77.734078,239,607.88,2.5434,12,MOTOR CYCLE,PARKING ON FOOTPATH,Tier 3,3.2
45,"Cluster 45 (12.9901, 77.5036)",12.99011,77.503602,156,607.05,3.8913,11,CAR,NO PARKING,Tier 3,2.8
285,BTP166 - Coffee Board Junction,12.985439,77.594111,106,605.6,5.7132,7,CAR,NO PARKING,Tier 3,2.5
344,BTP217 - Baleyele Junction,12.957884,77.570353,111,601.82,5.4218,8,SCOOTER,NO PARKING,Tier 3,2.5
391,"BTP168 - MSR Building, JC Road",12.961172,77.583866,100,601.19,6.0119,6,SCOOTER,NO PARKING,Tier 3,2.5
309,"Cluster 309 (12.9908, 77.6007)",12.99081,77.600678,118,596.95,5.0589,2,CAR,NO PARKING,Tier 3,2.5
29,"Cluster 29 (13.0623, 77.5324)",13.062321,77.532417,170,596.9,3.5112,11,SCOOTER,WRONG PARKING,Tier 3,2.8
46,"Cluster 46 (12.9893, 77.5006)",12.989298,77.500597,202,596.4,2.9525,10,SCOOTER,NO PARKING,Tier 3,3.0
139,"Cluster 139 (12.9626, 77.7170)",12.962596,77.716978,158,594.75,3.7642,5,CAR,WRONG PARKING,Tier 3,2.7
350,"Cluster 350 (12.9809, 77.6146)",12.9809,77.614559,141,592.25,4.2004,10,CAR,NO PARKING,Tier 3,2.6
227,"Cluster 227 (12.9981, 77.5816)",12.998071,77.581555,169,589.59,3.4887,9,MOTOR CYCLE,NO PARKING,Tier 3,2.8
323,"Cluster 323 (12.9643, 77.5510)",12.964283,77.550993,177,587.79,3.3208,3,SCOOTER,NO PARKING,Tier 3,2.8
239,BTP225 - Geetha Junction,12.928629,77.585396,121,587.41,4.8546,9,SCOOTER,NO PARKING,Tier 3,2.5
105,"Cluster 105 (12.9746, 77.7109)",12.974552,77.710921,110,586.9,5.3355,3,MAXI-CAB,WRONG PARKING,Tier 3,2.5
94,"Cluster 94 (12.9989, 77.6881)",12.998912,77.688136,123,585.92,4.7636,3,CAR,WRONG PARKING,Tier 3,2.5
159,"Cluster 159 (13.0585, 77.5931)",13.058463,77.593132,145,585.8,4.04,10,CAR,WRONG PARKING,Tier 3,2.6
586,BTP082 - KR Market Junction,12.964385,77.576748,143,585.3,4.093,0,SCOOTER,WRONG PARKING,Tier 3,2.6
511,"Cluster 511 (13.0124, 77.5543)",13.012374,77.554328,183,582.64,3.1838,8,SCOOTER,WRONG PARKING,Tier 3,2.8
400,BTP211 - Central Street Junction,12.983152,77.603402,113,580.15,5.134,13,PASSENGER AUTO,WRONG PARKING,Tier 3,2.5
5,"Cluster 5 (13.0931, 77.5941)",13.093098,77.594097,210,573.3,2.73,11,SCOOTER,WRONG PARKING,Tier 3,2.9
43,"Cluster 43 (13.0588, 77.4672)",13.058801,77.467225,139,572.35,4.1176,12,CAR,WRONG PARKING,Tier 3,2.6
164,"Cluster 164 (12.9233, 77.6511)",12.92333,77.651112,133,567.85,4.2695,10,CAR,NO PARKING,Tier 3,2.5
325,"Cluster 325 (12.9972, 77.6107)",12.997189,77.610749,169,566.35,3.3512,3,CAR,WRONG PARKING,Tier 3,2.7
175,"Cluster 175 (13.0007, 77.5959)",13.000701,77.595926,149,566.22,3.8001,3,CAR,WRONG PARKING,Tier 3,2.6
7,"Cluster 7 (13.0543, 77.7631)",13.054293,77.763103,111,565.96,5.0987,10,MOTOR CYCLE,WRONG PARKING,Tier 3,2.4
67,"Cluster 67 (12.9038, 77.7039)",12.903772,77.703941,162,565.2,3.4889,11,CAR,WRONG PARKING,Tier 3,2.7
12,"Cluster 12 (13.0990, 77.5766)",13.098982,77.576604,141,564.95,4.0067,5,CAR,NO PARKING,Tier 3,2.6
157,"Cluster 157 (13.0402, 77.5897)",13.040192,77.589698,150,564.73,3.7649,4,SCOOTER,WRONG PARKING,Tier 3,2.6
102,"Cluster 102 (12.9565, 77.7094)",12.956466,77.70943,112,561.35,5.0121,2,MAXI-CAB,WRONG PARKING,Tier 3,2.4
99,"Cluster 99 (12.9138, 77.6781)",12.913757,77.67809,169,559.3,3.3095,9,SCOOTER,WRONG PARKING,Tier 3,2.7
143,"Cluster 143 (12.8946, 77.5700)",12.894596,77.570043,128,556.46,4.3473,11,CAR,NO PARKING,Tier 3,2.5
242,"Cluster 242 (12.9319, 77.5157)",12.931887,77.515655,108,554.79,5.1369,7,CAR,NO PARKING,Tier 3,2.4
397,"Cluster 397 (12.9644, 77.5405)",12.964368,77.54046,194,554.5,2.8582,11,SCOOTER,WRONG PARKING,Tier 3,2.8
321,"Cluster 321 (12.9857, 77.5746)",12.985663,77.574626,135,546.37,4.0472,3,CAR,NO PARKING,Tier 3,2.5
447,BTP118 - Basappa Circle,12.957009,77.577402,128,545.66,4.263,4,SCOOTER,WRONG PARKING,Tier 3,2.4
292,"Cluster 292 (12.9948, 77.5897)",12.994796,77.589717,212,543.5,2.5637,2,SCOOTER,WRONG PARKING,Tier 3,2.8
419,BTP119 - Minerva Circle,12.955369,77.579987,119,542.67,4.5602,6,SCOOTER,WRONG PARKING,Tier 3,2.4
455,BTP051 - Safina Plaza Junction,12.98364,77.608115,179,540.94,3.022,9,SCOOTER,WRONG PARKING,Tier 3,2.7
466,BTP051 - Safina Plaza Junction,12.981026,77.611086,118,539.17,4.5692,11,PASSENGER AUTO,WRONG PARKING,Tier 3,2.4
54,"Cluster 54 (13.0197, 77.5384)",13.019667,77.538389,119,538.89,4.5285,4,CAR,WRONG PARKING,Tier 3,2.4
354,"Cluster 354 (12.9724, 77.6261)",12.972383,77.626063,119,537.03,4.5129,4,CAR,NO PARKING,Tier 3,2.4
332,BTP074 - Leprosy Hospital Junction,12.978765,77.564381,112,536.77,4.7926,11,SCOOTER,WRONG PARKING,Tier 3,2.3
8,"Cluster 8 (13.0354, 77.7352)",13.035384,77.735211,108,534.98,4.9535,2,MOTOR CYCLE,PARKING ON FOOTPATH,Tier 3,2.3
464,BTP104 - Medical College Circle,12.960575,77.577712,111,534.24,4.813,11,SCOOTER,WRONG PARKING,Tier 3,2.3
574,BTP040 - Elite Junction,12.976973,77.577289,105,534.06,5.0863,10,CAR,NO PARKING,Tier 3,2.3
401,"BTP182 - 19th Main Junction, Rajajinagar",12.995024,77.551666,125,533.82,4.2706,5,SCOOTER,WRONG PARKING,Tier 3,2.4
319,BTP171 - Indian Express (Balekundri),12.988535,77.598594,130,530.19,4.0784,5,CAR,WRONG PARKING,Tier 3,2.4
358,"Cluster 358 (12.9895, 77.5733)",12.989518,77.573332,155,528.26,3.4081,9,SCOOTER,NO PARKING,Tier 3,2.5
86,"Cluster 86 (12.8829, 77.5966)",12.882943,77.596622,172,528.1,3.0703,11,SCOOTER,WRONG PARKING,Tier 3,2.6
33,"Cluster 33 (12.8977, 77.6587)",12.897694,77.658709,143,527.11,3.6861,11,SCOOTER,WRONG PARKING,Tier 3,2.4
77,"Cluster 77 (12.9856, 77.7457)",12.985569,77.745739,109,526.9,4.8339,10,SCOOTER,PARKING IN A MAIN ROAD,Tier 3,2.3
403,"Cluster 403 (12.9982, 77.5713)",12.998182,77.571302,160,526.45,3.2903,11,SCOOTER,WRONG PARKING,Tier 3,2.5
276,"BTP101 - Blood Bank Circle, KH Road",12.961992,77.597313,132,523.74,3.9677,4,SCOOTER,NO PARKING,Tier 3,2.4
209,"Cluster 209 (12.9379, 77.6266)",12.937914,77.626611,166,519.44,3.1292,13,SCOOTER,WRONG PARKING,Tier 3,2.5
523,BTP038 - Mysore Bank Junction,12.972539,77.581211,129,518.21,4.0171,11,SCOOTER,WRONG PARKING,Tier 3,2.3
60,"Cluster 60 (13.0473, 77.6283)",13.047265,77.628322,162,511.5,3.1574,14,SCOOTER,NO PARKING,Tier 3,2.5
177,"Cluster 177 (12.9798, 77.6526)",12.979784,77.652577,113,510.21,4.5151,7,CAR,NO PARKING,Tier 3,2.2
268,"Cluster 268 (13.0200, 77.5527)",13.020024,77.552723,102,509.91,4.9991,1,PASSENGER AUTO,WRONG PARKING,Tier 3,2.2
581,BTP082 - KR Market Junction,12.964411,77.578127,103,509.67,4.9483,10,SCOOTER,WRONG PARKING,Tier 3,2.2
97,"Cluster 97 (12.9556, 77.7188)",12.95565,77.71882,101,505.9,5.0089,6,CAR,WRONG PARKING,Tier 3,2.2
149,"Cluster 149 (13.0604, 77.5766)",13.060447,77.576561,123,502.92,4.0888,4,CAR,WRONG PARKING,Tier 3,2.3
520,BTP040 - Elite Junction,12.975004,77.57693,103,498.12,4.8361,6,SCOOTER,WRONG PARKING,Tier 3,2.1
313,BTP042 - Minsk Square Junction (CTO),12.9808,77.597169,115,495.89,4.3121,4,SCOOTER,NO PARKING,Tier 3,2.2
76,"Cluster 76 (13.0058, 77.6615)",13.005787,77.66147,136,494.7,3.6375,4,SCOOTER,NO PARKING,Tier 3,2.3
158,"Cluster 158 (13.0539, 77.5927)",13.053922,77.592746,165,492.75,2.9864,11,SCOOTER,WRONG PARKING,Tier 3,2.4
283,"Cluster 283 (13.0279, 77.5420)",13.027896,77.542047,137,492.03,3.5915,11,MOTOR CYCLE,NO PARKING,Tier 3,2.3
111,BTP214 - 5th Main Chamrajpet  Junction,12.975872,77.531634,107,489.35,4.5734,12,SCOOTER,WRONG PARKING,Tier 3,2.1
449,BTP051 - Safina Plaza Junction,12.982774,77.606185,122,487.87,3.999,8,SCOOTER,WRONG PARKING,Tier 3,2.2
35,"Cluster 35 (12.8796, 77.6707)",12.879642,77.670696,109,486.88,4.4668,11,CAR,WRONG PARKING,Tier 3,2.1
3,"Cluster 3 (13.1974, 77.7036)",13.19744,77.703641,111,486.6,4.3838,11,CAR,NO PARKING,Tier 3,2.1
137,"Cluster 137 (12.9382, 77.6985)",12.938179,77.698514,112,484.84,4.3289,8,CAR,WRONG PARKING,Tier 3,2.1
216,"Cluster 216 (12.8976, 77.6348)",12.897595,77.634751,118,483.3,4.0958,11,CAR,WRONG PARKING,Tier 3,2.2
553,BTP044 - Sagar Theatre Junction,12.97282,77.578729,116,481.88,4.1541,11,SCOOTER,NO PARKING,Tier 3,2.2
50,"Cluster 50 (13.0471, 77.5010)",13.047087,77.501009,165,480.7,2.9133,4,SCOOTER,WRONG PARKING,Tier 3,2.4
338,BTP105 - Shivasankara Circle,12.956845,77.575155,119,476.49,4.0041,3,SCOOTER,NO PARKING,Tier 3,2.2
583,BTP082 - KR Market Junction,12.964498,77.5774,109,474.07,4.3492,7,PASSENGER AUTO,WRONG PARKING,Tier 3,2.1
370,"Cluster 370 (12.9752, 77.6257)",12.975173,77.625694,100,473.41,4.7341,8,CAR,NO PARKING,Tier 3,2.1
548,BTP044 - Sagar Theatre Junction,12.972964,77.578454,105,470.54,4.4813,9,SCOOTER,WRONG PARKING,Tier 3,2.1
132,"Cluster 132 (12.9382, 77.5926)",12.938217,77.592627,108,470.5,4.3565,8,CAR,NO PARKING,Tier 3,2.1
103,"Cluster 103 (12.9786, 77.7116)",12.978567,77.711551,119,465.06,3.9081,6,SCOOTER,WRONG PARKING,Tier 3,2.1
272,"Cluster 272 (12.9919, 77.5900)",12.991938,77.590001,159,463.2,2.9132,4,SCOOTER,NO PARKING,Tier 3,2.3
369,"Cluster 369 (13.0043, 77.5712)",13.004333,77.571211,119,461.45,3.8777,6,CAR,WRONG PARKING,Tier 3,2.1
135,"Cluster 135 (12.9257, 77.6762)",12.925664,77.676157,121,459.35,3.7963,4,CAR,WRONG PARKING,Tier 3,2.1
4,"Cluster 4 (13.0942, 77.5943)",13.094159,77.594338,168,457.65,2.7241,5,SCOOTER,WRONG PARKING,Tier 3,2.3
299,"Cluster 299 (12.9643, 77.5426)",12.96432,77.542604,130,456.15,3.5088,4,SCOOTER,NO PARKING,Tier 3,2.1
488,BTP027 - Modi Bridge Junction,12.999097,77.548474,127,456.12,3.5915,7,SCOOTER,WRONG PARKING,Tier 3,2.1
36,"Cluster 36 (13.0225, 77.6579)",13.022545,77.65792,123,455.2,3.7008,3,CAR,WRONG PARKING,Tier 3,2.1
91,"Cluster 91 (12.9876, 77.7348)",12.987576,77.734786,163,453.0,2.7791,10,MOTOR CYCLE,PARKING ON FOOTPATH,Tier 3,2.3
402,"Cluster 402 (12.9972, 77.5714)",12.997212,77.571422,124,451.46,3.6408,8,CAR,WRONG PARKING,Tier 3,2.1
503,BTP027 - Modi Bridge Junction,12.999457,77.549582,125,451.29,3.6103,7,SCOOTER,WRONG PARKING,Tier 3,2.1
56,"Cluster 56 (13.0419, 77.5145)",13.041904,77.514472,103,447.86,4.3482,11,CAR,NO PARKING,Tier 3,2.0
310,"Cluster 310 (12.9896, 77.6019)",12.989641,77.601858,123,444.89,3.617,3,PASSENGER AUTO,NO PARKING,Tier 3,2.1
161,"Cluster 161 (12.9201, 77.6450)",12.920121,77.644992,101,443.44,4.3905,10,CAR,NO PARKING,Tier 3,2.0
328,"Cluster 328 (12.9643, 77.5538)",12.964308,77.55379,146,441.3,3.0226,10,SCOOTER,NO PARKING,Tier 3,2.2
166,"Cluster 166 (13.0365, 77.5748)",13.036492,77.574818,145,440.7,3.0393,9,MOTOR CYCLE,WRONG PARKING,Tier 3,2.2
487,BTP027 - Modi Bridge Junction,12.999193,77.548627,122,430.5,3.5287,6,SCOOTER,WRONG PARKING,Tier 3,2.0
173,"Cluster 173 (13.0717, 77.5932)",13.071656,77.593171,109,429.25,3.9381,11,CAR,NO PARKING,Tier 3,2.0
22,"Cluster 22 (13.0796, 77.5538)",13.079635,77.553823,115,425.32,3.6984,11,CAR,WRONG PARKING,Tier 3,2.0
357,"Cluster 357 (12.9901, 77.5728)",12.99006,77.572822,123,423.85,3.4459,8,SCOOTER,NO PARKING,Tier 3,2.0
147,"Cluster 147 (12.9648, 77.7178)",12.964845,77.717756,155,423.65,2.7332,3,SCOOTER,WRONG PARKING,Tier 3,2.2
374,"BTP022 - Marenahalli Junction, Vijayanagar",12.971076,77.537183,109,423.36,3.884,10,SCOOTER,WRONG PARKING,Tier 3,1.9
291,"Cluster 291 (12.9461, 77.5878)",12.946149,77.587829,123,419.9,3.4138,2,SCOOTER,NO PARKING,Tier 3,2.0
315,"Cluster 315 (12.9961, 77.6170)",12.996057,77.616976,104,419.64,4.035,9,CAR,NO PARKING,Tier 3,1.9
104,"Cluster 104 (13.0000, 77.6752)",12.999993,77.67519,107,418.15,3.9079,1,PASSENGER AUTO,NO PARKING,Tier 3,1.9
189,"Cluster 189 (13.0290, 77.5708)",13.02903,77.570823,133,415.8,3.1263,8,SCOOTER,NO PARKING,Tier 3,2.0
42,"Cluster 42 (13.0842, 77.6367)",13.084163,77.636699,108,409.25,3.7894,4,MOTOR CYCLE,WRONG PARKING,Tier 3,1.9
431,BTP051 - Safina Plaza Junction,12.982874,77.607856,112,406.14,3.6263,10,SCOOTER,WRONG PARKING,Tier 3,1.9
245,"Cluster 245 (13.0067, 77.6212)",13.006722,77.621246,108,403.15,3.7329,4,SCOOTER,NO PARKING,Tier 3,1.9
300,"Cluster 300 (12.9887, 77.6090)",12.98867,77.608965,114,403.01,3.5352,12,SCOOTER,NO PARKING,Tier 3,1.9
444,BTP038 - Mysore Bank Junction,12.968861,77.580796,105,402.85,3.8367,8,SCOOTER,WRONG PARKING,Tier 3,1.8
500,"BTP080 - NR Road, SP Road Junction",12.964671,77.582772,100,401.28,4.0128,6,SCOOTER,WRONG PARKING,Tier 3,1.8
264,"Cluster 264 (12.9839, 77.5291)",12.983888,77.529067,114,400.02,3.5089,12,SCOOTER,NO PARKING,Tier 3,1.9
192,"Cluster 192 (12.9333, 77.6230)",12.933294,77.623026,102,400.0,3.9216,8,CAR,NO PARKING,Tier 3,1.8
288,"Cluster 288 (12.9922, 77.5948)",12.992248,77.594775,111,397.13,3.5777,4,CAR,NO PARKING,Tier 3,1.9
218,"Cluster 218 (13.0276, 77.5755)",13.027615,77.575498,102,394.95,3.8721,11,CAR,WRONG PARKING,Tier 3,1.8
199,"Cluster 199 (13.0273, 77.5772)",13.027315,77.577191,104,392.65,3.7755,12,CAR,WRONG PARKING,Tier 3,1.8
493,BTP051 - Safina Plaza Junction,12.981259,77.61056,105,385.98,3.676,6,SCOOTER,WRONG PARKING,Tier 3,1.8
195,"Cluster 195 (13.0177, 77.5917)",13.017708,77.591729,112,377.45,3.3701,4,CAR,WRONG PARKING,Tier 3,1.8
318,"Cluster 318 (12.9970, 77.6144)",12.99702,77.614374,120,363.8,3.0317,3,SCOOTER,NO PARKING,Tier 3,1.8
377,"Cluster 377 (13.0003, 77.5694)",13.00031,77.569406,110,362.85,3.2986,6,PASSENGER AUTO,WRONG PARKING,Tier 3,1.7
118,"Cluster 118 (12.9673, 77.7163)",12.967333,77.716335,102,349.5,3.4265,7,SCOOTER,WRONG PARKING,Tier 3,1.7
221,"Cluster 221 (12.9124, 77.6332)",12.912397,77.633185,125,333.85,2.6708,11,SCOOTER,WRONG PARKING,Tier 3,1.7
314,"Cluster 314 (12.9904, 77.5996)",12.990434,77.599573,114,332.37,2.9155,5,SCOOTER,WRONG PARKING,Tier 3,1.7
34,"Cluster 34 (12.8426, 77.6442)",12.842593,77.644235,102,331.9,3.2539,13,SCOOTER,NO PARKING,Tier 3,1.6
417,"Cluster 417 (13.0091, 77.5558)",13.009106,77.555831,128,331.5,2.5898,6,SCOOTER,WRONG PARKING,Tier 3,1.7
257,"Cluster 257 (13.0713, 77.5875)",13.071252,77.587531,121,329.1,2.7198,12,SCOOTER,WRONG PARKING,Tier 3,1.7
247,"Cluster 247 (13.0361, 77.5894)",13.036125,77.58939,101,325.53,3.2231,9,PASSENGER AUTO,WRONG PARKING,Tier 3,1.6
407,"Cluster 407 (12.9729, 77.6073)",12.972937,77.60727,106,315.9,2.9802,12,SCOOTER,WRONG PARKING,Tier 3,1.6
18,"Cluster 18 (12.8508, 77.6575)",12.850804,77.657471,121,312.75,2.5847,12,SCOOTER,WRONG PARKING,Tier 3,1.6
262,"Cluster 262 (13.0709, 77.5879)",13.070867,77.587939,115,312.25,2.7152,11,SCOOTER,WRONG PARKING,Tier 3,1.6
172,"Cluster 172 (13.0711, 77.5925)",13.071065,77.592509,100,311.8,3.118,11,SCOOTER,NO PARKING,Tier 3,1.5
197,"Cluster 197 (12.9309, 77.6060)",12.930885,77.60596,100,310.65,3.1065,2,SCOOTER,NO PARKING,Tier 3,1.5
496,"Cluster 496 (12.9831, 77.6103)",12.983116,77.610319,108,282.5,2.6157,10,SCOOTER,WRONG PARKING,Tier 3,1.5
472,"Cluster 472 (12.9837, 77.6088)",12.983706,77.608755,107,273.2,2.5533,9,SCOOTER,WRONG PARKING,Tier 3,1.4
